Automated update at Mon Oct 27 14:28:26 UTC 2025
Automated update at Tue Oct 28 05:46:50 UTC 2025
Automated update at Wed Oct 29 05:47:39 UTC 2025
Automated update at Thu Oct 30 05:45:27 UTC 2025
Automated update at Fri Oct 31 05:45:45 UTC 2025
Automated update at Sat Nov  1 05:43:32 UTC 2025
Automated update at Sun Nov  2 05:43:53 UTC 2025
Automated update at Mon Nov  3 05:51:41 UTC 2025
Automated update at Tue Nov  4 05:46:07 UTC 2025
Automated update at Wed Nov  5 05:46:04 UTC 2025
Automated update at Thu Nov  6 05:46:32 UTC 2025
Automated update at Fri Nov  7 05:45:55 UTC 2025
Automated update at Sat Nov  8 05:43:25 UTC 2025
Automated update at Sun Nov  9 05:43:21 UTC 2025
